use linkedin_db
INSERT INTO empresas (nome, tamanho, cidade, pais, fundada_em, site, ativa, fk_setor_id)
VALUES
('Renova', 'Nacional', 'Salvador', 'BRA', 1999, 'renova.com', 1, 1),
('Nike', 'Multinacional', 'Beaverton', 'EUA', 1964, 'nike.com', 1, 5),
('Adidas', 'Multinacional', 'Herzogenaurach', 'ALE', 1949, 'adidas.com', 1, 5),
('toninhoFinanças', 'Multinacional', 'Valente', 'BRA', 2006, 'toninhofinancas.com', 1, 2),
('Erika Injeções', 'Nacional', 'Santiago', 'CHI', 1967, 'erikainjecoes.com', 1, 3),
('Universo Narrado', 'Nacional', 'Belo Horizonte', 'BRA', 2021, 'universoNarrado.com', 1, 4),
('FedEx', 'Multinacional', 'Little Rock', 'EUA', 1971, 'fedEx.com', 1, 6),
('Ominicom', 'Multinacional', 'Nova York', 'EUA', 1986, 'ominicom.com', 1, 7),
('McKinsey & Company', 'Multinacional', 'Chigado', 'EUA', 1926, 'mcKinsey&Company.com', 1, 8),
('jaimeFinançasTops', 'Multinacional', 'Xique-Xique', 'BRA', 2007, 'jaimefinancastops.com', 1, 2),
('Aprova Total', 'Nacional', 'Santos', 'BRA', 2013, 'aprovatotal.com', 1, 2),
('Puma', 'Multinacional', 'Herzogenaurach', 'ALE', 1948, 'puma.com', 1, 5)

SELECT * FROM empresas

INSERT INTO usuarios (nome, email, titulo_perfil, cidade, data_cadastro, linkedin_url)
VALUES
('Messi', 'messi@gmail.com', 'Jogador de futebol', 'Buenos Aires', '01/01/2020', 'messi.linkedin.com.br'),
('Diego3', 'diego3@gmail.com', 'Piloto de avião', 'Guarulhos', '01/01/2020', 'diego3.linkedin.com.br'),
('Diego2', 'diego2@gmail.com', 'Piloto de avião', 'Guarulhos', '01/01/2020', 'diego2.linkedin.com.br'),
('Diego1', 'diego1@gmail.com', 'Piloto de avião', 'Guarulhos', '01/01/2020', 'diego1.linkedin.com.br'),
('Diego', 'diego@gmail.com', 'Piloto de avião', 'Guarulhos', '01/01/2020', 'diego.linkedin.com.br'),
('Felipe3', 'felipe3@gmail.com', 'Economista', 'Valente', '01/01/2020', 'felipe3.linkedin.com.br'),
('Felipe2', 'felipe2@gmail.com', 'Economista', 'Valente', '01/01/2020', 'felipe2.linkedin.com.br'),
('Felipe1', 'felipe1@gmail.com', 'Economista', 'Valente', '01/01/2020', 'felipe1.linkedin.com.br'),
('Felipe', 'felipe@gmail.com', 'Economista', 'Valente', '01/01/2020', 'felipe.linkedin.com.br'),
('Danth3', 'danth3@gmail.com', 'Médico', 'Valente', '01/01/2020', 'danth3.linkedin.com.br'),
('Danth2', 'danth2@gmail.com', 'Médico', 'Valente', '01/01/2020', 'danth2.linkedin.com.br'),
('Danth1', 'danth1@gmail.com', 'Médico', 'Valente', '01/01/2020', 'danth1.linkedin.com.br'),
('Danth', 'danth@gmail.com', 'Médico', 'Valente', '01/01/2020', 'danth.linkedin.com.br'),
('Laura3', 'laura3@gmail.com', 'DBA', 'Valente', '01/01/2020', 'laura3.linkedin.com.br'),
('Laura2', 'laura2@gmail.com', 'DBA', 'Valente', '01/01/2020', 'laura2.linkedin.com.br'),
('Laura1', 'laura1@gmail.com', 'DBA', 'Valente', '01/01/2020', 'laura1.linkedin.com.br'),
('Laura', 'laura@gmail.com', 'Dev backend', 'Valente', '01/01/2020', 'laura.linkedin.com.br'),
('João3', 'joao3@gmail.com', 'Dev backend', 'Valente', '01/01/2020', 'joao3.linkedin.com.br'),
('João2', 'joao2@gmail.com', 'Dev backend', 'Valente', '01/01/2020', 'joao2.linkedin.com.br'),
('João1', 'joao1@gmail.com', 'Dev backend', 'Valente', '01/01/2020', 'joao1.linkedin.com.br'),
('Julia3', 'julia3@gmail.com', 'Dev frontend', 'Salvador', '01/01/2020', 'julia3.linkedin.com.br'),
('Julia2', 'julia2@gmail.com', 'Dev frontend', 'Salvador', '01/01/2020', 'julia2.linkedin.com.br'),
('Julia1', 'julia1@gmail.com', 'Dev frontend', 'Salvador', '01/01/2020', 'julia1.linkedin.com.br'),
('Pedro4', 'pedro4@gmail.com', 'Dev backend', 'Valente', '01/01/2020', 'julia.linkedin.com.br'),
('Pedro3', 'pedro3@gmail.com', 'Dev backend', 'Valente', '01/01/2020', 'pedro4.linkedin.com.br'),
('Pedro2', 'pedro2@gmail.com', 'Dev backend', 'Valente', '01/01/2020', 'pedro3.linkedin.com.br'),
('Pedro1', 'pedro1@gmail.com', 'Dev backend', 'Valente', '01/01/2020', 'pedro2.linkedin.com.br'),
('Julia', 'julia@gmail.com', 'Dev frontend', 'Salvador', '01/01/2020', 'pedro1.linkedin.com.br'),
('Pedro', 'pedro@gmail.com', 'Dev backend', 'Valente', '01/01/2020', 'pedro.linkedin.com.br'),
('João', 'joao@gmail.com', 'Dev backend', 'Valente', '01/01/2020', 'joao.linkedin.com.br')

INSERT INTO habilidades (nome, categoria)
VALUES
('resiliência', 'soft'),
('liderança', 'soft'),
('gentileza', 'soft'),
('comunicação', 'soft'),
('agilidade', 'soft'),
('determinação', 'soft'),
('calma', 'soft'),
('backend', 'hard'),
('frontend', 'hard'),
('dados', 'hard'),
('análise de qualidade', 'hard'),
('help desk', 'hard'),
('suporte', 'hard'),
('cardiologista', 'hard'),
('lógica', 'hard')

INSERT INTO usuario_habilidades (usuario_id, habilidade_id, nivel)
VALUES
(7, 1, 1),
(7, 2, 4),
(7, 3, 5),
(8, 1, 1),
(8, 2, 4),
(8, 3, 5),
(9, 1, 1),
(9, 2, 4),
(9, 3, 5),
(10, 1, 1),
(10, 2, 4),
(10, 3, 5),
(11, 3, 3),
(11, 4, 2),
(11, 5, 4),
(12, 4, 10),
(12, 6, 8),
(12, 8, 8),
(13, 1, 1),
(13, 2, 4),
(13, 3, 5),
(14, 5, 1),
(14, 2, 4),
(14, 4, 5),
(15, 3, 2),
(15, 1, 2),
(15, 2, 1),
(16, 13, 3),
(16, 12, 3),
(16, 11, 3),
(17, 1, 1),
(17, 2, 4),
(17, 3, 5),
(18, 5, 5),
(18, 6, 7),
(18, 8, 9),
(19, 3, 3),
(19, 4, 2),
(19, 5, 4),
(20, 4, 10),
(20, 6, 8),
(20, 8, 8),
(21, 7, 2),
(21, 5, 1),
(21, 3, 7),
(22, 5, 1),
(22, 2, 4),
(22, 4, 5),
(23, 5, 1),
(23, 2, 4),
(23, 4, 5),
(24, 3, 2),
(24, 1, 2),
(24, 2, 1),
(25, 13, 3),
(25, 12, 3),
(25, 11, 3),
(26, 1, 1),
(26, 2, 4),
(26, 3, 5),
(27, 5, 5),
(27, 6, 7),
(27, 8, 9),
(28, 3, 2),
(28, 4, 2),
(28, 5, 3),
(29, 4, 10),
(29, 6, 1),
(29, 8, 1),
(30, 9, 10),
(30, 8, 10),
(30, 7, 10);


INSERT INTO usuario_habilidades (usuario_id, habilidade_id, nivel)
VALUES

(31, 9, 10),
(31, 8, 10),
(31, 7, 10),
(32, 3, 3),
(32, 2, 2),
(32, 1, 1),
(33, 3, 4),
(33, 4, 6),
(33, 7, 10),
(34, 2, 10),
(34, 3, 10),
(34, 1, 10),
(35, 6, 6),
(35, 2, 5),
(35, 3, 10),
(36, 9, 10),
(36, 8, 10),
(36, 7, 10);
 
INSERT INTO vagas (empresa_id, titulo, cidade, modalidade, nivel)
VALUES 
(2, 'DBA', 'Salvador', 'Júnior', 'Intermediário'),
(3, 'Dev backend', 'New York', 'Pleno', 'Intermediário'),
(4, 'Dev frontend', 'Chicago', 'Júnior', 'Intermediário'),
(5, 'Dev dados', 'Buenos Aires', 'Júnior', 'Intermediário'),
(6, 'QA', 'Valente', 'Sênior', 'Avançado'),
(7, 'DBA', 'Valente', 'Sênior', 'Avançado'),
(8, 'Cardiologista', 'Valente', '2 anos experiência', 'Intermediário'),
(9, 'Pediatra', 'Salvador', 'Recém-formado', 'Intermediário'),
(10, 'Marketing', 'New York', '5 anos experiência', 'Intermediário'),
(11, 'Gerente', 'Chicago', 'Ex-gerente', 'Intermediário'),
(12, 'Dev dados', 'Salvador', 'Sênior', 'Avançado'),
(13, 'QA', 'Coité', 'Pleno', 'Avançado'),
(14, 'DBA', 'São Paulo', 'Sênior', 'Avançado'),
(15, 'Engenheiro de Software', 'Retirolândia', 'Pleno', 'Intermediário'),
(16, 'Help Desk', 'Salvador', 'Júnior', 'Intermediário'),
(17, 'Call center', 'Aspen', '2 anos experiência', 'Intermediário'),
(18, 'Gerente de recursos humanos', 'Chicago', '1 ano experiência', 'Intermediário'),
(19, 'Dev dados', 'Guarulhos', 'Júnior', 'Intermediário'),
(20, 'Vendedor em shopping', 'Salvador', 'Comunicação', 'Avançado'),
(21, 'Dev backend', 'Valente', 'Júnior', 'Avançado'),
(22, 'Neurologista', 'Valente', '2 anos experiência', 'Avançado'),
(23, 'Pediatra', 'Salvador', 'Recém-formado', 'Intermediário'),
(24, 'Marketing', 'New York', '5 anos experiência', 'Intermediário'),
(25, 'Gerente', 'Chicago', 'Ex-gerente', 'Intermediário'),
(3, 'Gerente', 'Aspen', '1 ano experiência', 'Intermediário');

INSERT INTO conexoes (usuario_origem, usuario_destino, status)
VALUES
(7, 34, 'pendente'),
(7, 8, 'aceita'),
(7, 9, 'aceita'),
(7, 10, 'pendente'),
(7, 11, 'aceita'),
(7, 12, 'aceita'),
(7, 13, 'aceita'),
(7, 14, 'aceita'),
(7, 15, 'aceita'),
(7, 16, 'aceita'),
(7, 17, 'pendente'),
(8, 18, 'aceita'),
(8, 19, 'pendente'),
(8, 20, 'aceita'),
(8, 21, 'pendente'),
(8, 22, 'pendente'),
(8, 23, 'aceita'),
(8, 24, 'aceita'),
(8, 25, 'aceita'),
(8, 26, 'aceita'),
(8, 27, 'pendente'),
(9, 28, 'aceita'),
(9, 29, 'pendente'),
(9, 30, 'pendente'),
(9, 31, 'aceita'),
(9, 32, 'aceita'),
(9, 33, 'aceita'),
(9, 34, 'aceita'),
(9, 35, 'aceita'),
(9, 13, 'aceita'),
(9, 14, 'aceita'),
(8, 19, 'aceita'),
(7, 20, 'aceita'),
(14, 21, 'pendente'),
(9, 22, 'aceita'),
(31, 23, 'pendente'),
(35, 24, 'aceita'),
(26, 25, 'aceita'),
(21, 26, 'aceita'),
(23, 27, 'pendente'),
(21, 28, 'aceita'),
(22, 29, 'pendente'),
(32, 30, 'aceita'),
(29, 31, 'aceita'),
(23, 32, 'pendente'),
(12, 33, 'aceita'),
(21, 34, 'aceita'),
(33, 35, 'aceita'),
(23, 13, 'aceita'),
(31, 14, 'pendente');

INSERT INTO posts (usuario_id, conteudo)
VALUES
(7, 'oi'),
(7, 'é isso'),
(7, 'to num evento tech aqui dhr'),
(7, 'farmei aura'),
(7, 'sla'),
(8, 'chalamet tomou pea'),
(8, 'novo cargo de dev backend!'),
(8, 'cansado'),
(8, 'com fome'),
(8, '67'),
(9, 'oi'),
(9, 'opa'),
(9, 'olá'),
(9, 'hello'),
(9, 'salut'),
(10, 'eae'),
(10, 'bora fzr um freela?'),
(10, 'to codando'),
(10, 'codando...'),
(10, 'no pc!'),
(11, 'wagner moura não ganhou nada'),
(11, 'one battle ganhou tudo'),
(11, 'b jordan fez história'),
(11, 'nunca vi titanic'),
(11, 'só nos compÍuter!'),
(12, 'fortzin?'),
(12, 'break!'),
(12, 'tomando café'),
(12, 'codando...'),
(12, 'no pc!'),
(13, 'fortzin?'),
(14, 'break!'),
(15, 'tomando café'),
(16, 'codando...'),
(17, 'no pc!'),
(18, 'em casa!'),
(19, 'só de boa!'),
(20, 'qual foi?'),
(21, 'vorcaro liao'),
(22, 'networking é o meta');

INSERT INTO candidaturas (usuario_id, vaga_id, status)
VALUES
(7, 8, 'aceita'),
(7, 9, 'aceita'),
(7, 10, 'recusada'),
(7, 11, 'aceita'),
(7, 12, 'recusada'),
(7, 13, 'aceita'),
(7, 14, 'aceita'),
(7, 15, 'pendente'),
(7, 16, 'aceita'),
(7, 17, 'recusada'),
(8, 8, 'recusada'),
(8, 9, 'recusada'),
(8, 10, 'recusada'),
(8, 11, 'recusada'),
(8, 12, 'recusada'),
(9, 13, 'aceita'),
(9, 14, 'aceita'),
(9, 15, 'pendente'),
(9, 16, 'recusada'),
(9, 17, 'aceita'),
(10, 18, 'recusada'),
(11, 19, 'recusada'),
(12, 20, 'recusada'),
(13, 21, 'recusada'),
(14, 22, 'recusada'),
(15, 23, 'aceita'),
(16, 24, 'aceita'),
(17, 25, 'pendente'),
(18, 26, 'recusada'),
(19, 27, 'aceita');

INSERT INTO curtidas (post_id, usuario_id)
VALUES
(10, 7),
(10, 8),
(10, 9),
(10, 10),
(10, 11),
(10, 12),
(10, 13),
(10, 14),
(10, 15),
(10, 16),
(10, 17),
(10, 18),
(10, 19),
(10, 20),
(10, 21),
(10, 22),
(10, 23),
(10, 24),
(10, 25),
(10, 26),
(10, 27),
(10, 28),
(10, 29),
(10, 31),
(10, 32),
(10, 33),
(10, 34),
(10, 35),
(10, 36),
(11, 7),
(11, 8),
(11, 9),
(11, 10),
(11, 11),
(11, 12),
(11, 13),
(11, 14),
(12, 15),
(12, 16),
(13, 17),
(13, 18),
(14, 19),
(15, 20),
(15, 21),
(15, 22),
(15, 23),
(15, 24),
(15, 25),
(15, 26),
(15, 27),
(15, 28),
(15, 29),
(16, 30),
(16, 31),
(16, 32),
(16, 33),
(16, 34),
(16, 35),
(16, 36),
(16, 7),
(16, 8),
(18, 9),
(19, 10),
(18, 18),
(18, 13),
(19, 14),
(19, 15),
(20, 16),
(1, 17),
(2, 18),
(3, 19),
(2, 20),
(1, 21),
(3, 22),
(2, 23),
(1, 24),
(2, 25),
(26, 26),
(27, 27),
(28, 28);


SELECT * FROM curtidas WHERE post_id = 10;
 
